image,mask
001.jpeg,001.png
002.jpeg,002.png
003.jpeg,003.png
004.jpeg,004.png
005.jpeg,005.png
006.jpeg,006.png
007.jpeg,007.png
008.jpeg,008.png
009.jpeg,009.png
010.jpeg,010.png
011.jpeg,011.png
012.jpeg,012.png
013.jpeg,013.png
014.jpeg,014.png
015.jpeg,015.png
016.jpeg,016.png
017.jpeg,017.png
018.jpeg,018.png
019.jpeg,019.png
020.jpeg,020.png
021.jpeg,021.png
022.jpeg,022.png
023.jpeg,023.png
024.jpeg,024.png
025.jpeg,025.png
026.jpeg,026.png
027.jpeg,027.png
028.jpeg,028.png
029.jpeg,029.png
030.jpeg,030.png
031.jpeg,031.png
032.jpeg,032.png
033.jpeg,033.png
034.jpeg,034.png
035.jpeg,035.png
036.jpeg,036.png
037.jpeg,037.png
038.jpeg,038.png
039.jpeg,039.png
040.jpeg,040.png
041.jpeg,041.png
042.jpeg,042.png
043.jpeg,043.png
044.jpeg,044.png
045.jpeg,045.png
046.jpeg,046.png
047.jpeg,047.png
048.jpeg,048.png
049.jpeg,049.png
050.jpeg,050.png
051.jpeg,051.png
052.jpeg,052.png
053.jpeg,053.png
054.jpeg,054.png
055.jpeg,055.png
056.jpeg,056.png
057.jpeg,057.png
058.jpeg,058.png
059.jpeg,059.png
060.jpeg,060.png
061.jpeg,061.png
062.jpeg,062.png
063.jpeg,063.png
064.jpeg,064.png
065.jpeg,065.png
066.jpeg,066.png
067.jpeg,067.png
068.jpeg,068.png
069.jpeg,069.png
070.jpeg,070.png
071.jpeg,071.png
072.jpeg,072.png
073.jpeg,073.png
074.jpeg,074.png
075.jpeg,075.png
076.jpeg,076.png
077.jpeg,077.png
078.jpeg,078.png
079.jpeg,079.png
080.jpeg,080.png
081.jpeg,081.png
082.jpeg,082.png
083.jpeg,083.png
084.jpeg,084.png
085.jpeg,085.png
086.jpeg,086.png
087.jpeg,087.png
088.jpeg,088.png
089.jpeg,089.png
090.jpeg,090.png
091.jpeg,091.png
092.jpeg,092.png
093.jpeg,093.png
094.jpeg,094.png
095.jpeg,095.png
096.jpeg,096.png
097.jpeg,097.png
098.jpeg,098.png
099.jpeg,099.png
100.jpeg,100.png
101.jpeg,101.png
102.jpeg,102.png
103.jpeg,103.png
104.jpeg,104.png
105.jpeg,105.png
106.jpeg,106.png
107.jpeg,107.png
108.jpeg,108.png
109.jpeg,109.png
110.jpeg,110.png
111.jpeg,111.png
112.jpeg,112.png
113.jpeg,113.png
114.jpeg,114.png
115.jpeg,115.png
116.jpeg,116.png
117.jpeg,117.png
118.jpeg,118.png
119.jpeg,119.png
120.jpeg,120.png
121.jpeg,121.png
122.jpeg,122.png
123.jpeg,123.png
124.jpeg,124.png
125.jpeg,125.png
126.jpeg,126.png
127.jpeg,127.png
128.jpeg,128.png
129.jpeg,129.png
130.jpeg,130.png
131.jpeg,131.png
132.jpeg,132.png
133.jpeg,133.png
134.jpeg,134.png
135.jpeg,135.png
136.jpeg,136.png
137.jpeg,137.png
138.jpeg,138.png
139.jpeg,139.png
140.jpeg,140.png
141.jpeg,141.png
142.jpeg,142.png
143.jpeg,143.png
144.jpeg,144.png
145.jpeg,145.png
146.jpeg,146.png
147.jpeg,147.png
148.jpeg,148.png
149.jpeg,149.png
150.jpeg,150.png
151.jpeg,151.png
152.jpeg,152.png
153.jpeg,153.png
154.jpeg,154.png
155.jpeg,155.png
156.jpeg,156.png
157.jpeg,157.png
158.jpeg,158.png
159.jpeg,159.png
160.jpeg,160.png
161.jpeg,161.png
162.jpeg,162.png
163.jpeg,163.png
164.jpeg,164.png
165.jpeg,165.png
166.jpeg,166.png
167.jpeg,167.png
168.jpeg,168.png
169.jpeg,169.png
170.jpeg,170.png
171.jpeg,171.png
172.jpeg,172.png
173.jpeg,173.png
174.jpeg,174.png
175.jpeg,175.png
176.jpeg,176.png
177.jpeg,177.png
178.jpeg,178.png
179.jpeg,179.png
180.jpeg,180.png
181.jpeg,181.png
182.jpeg,182.png
183.jpeg,183.png
184.jpeg,184.png
185.jpeg,185.png
186.jpeg,186.png
187.jpeg,187.png
188.jpeg,188.png
189.jpeg,189.png
190.jpeg,190.png
191.jpeg,191.png
192.jpeg,192.png
193.jpeg,193.png
194.jpeg,194.png
195.jpeg,195.png
196.jpeg,196.png
197.jpeg,197.png
198.jpeg,198.png
199.jpeg,199.png
200.jpeg,200.png
201.jpeg,201.png
202.jpeg,202.png
203.jpeg,203.png
204.jpeg,204.png
205.jpeg,205.png
206.jpeg,206.png
207.jpeg,207.png
208.jpeg,208.png
209.jpeg,209.png
210.jpeg,210.png
211.jpeg,211.png
212.jpeg,212.png
213.jpeg,213.png
214.jpeg,214.png
215.jpeg,215.png
216.jpeg,216.png
217.jpeg,217.png
218.jpeg,218.png
219.jpeg,219.png
220.jpeg,220.png
221.jpeg,221.png
222.jpeg,222.png
223.jpeg,223.png
224.jpeg,224.png
225.jpeg,225.png
226.jpeg,226.png
227.jpeg,227.png
228.jpeg,228.png
229.jpeg,229.png
230.jpeg,230.png
231.jpeg,231.png
232.jpeg,232.png
233.jpeg,233.png
234.jpeg,234.png
235.jpeg,235.png
236.jpeg,236.png
237.jpeg,237.png
238.jpeg,238.png
239.jpeg,239.png
240.jpeg,240.png
241.jpeg,241.png
242.jpeg,242.png
243.jpeg,243.png
244.jpeg,244.png
245.jpeg,245.png
246.jpeg,246.png
247.jpeg,247.png
248.jpeg,248.png
249.jpeg,249.png
250.jpeg,250.png
251.jpeg,251.png
252.jpeg,252.png
253.jpeg,253.png
254.jpeg,254.png
255.jpeg,255.png
256.jpeg,256.png
257.jpeg,257.png
258.jpeg,258.png
259.jpeg,259.png
260.jpeg,260.png
261.jpeg,261.png
262.jpeg,262.png
263.jpeg,263.png
264.jpeg,264.png
265.jpeg,265.png
266.jpeg,266.png
267.jpeg,267.png
268.jpeg,268.png
269.jpeg,269.png
270.jpeg,270.png
271.jpeg,271.png
272.jpeg,272.png
273.jpeg,273.png
274.jpeg,274.png
275.jpeg,275.png
276.jpeg,276.png
277.jpeg,277.png
278.jpeg,278.png
279.jpeg,279.png
280.jpeg,280.png
281.jpeg,281.png
282.jpeg,282.png
283.jpeg,283.png
284.jpeg,284.png
285.jpeg,285.png
286.jpeg,286.png
287.jpeg,287.png
288.jpeg,288.png
289.jpeg,289.png
290.jpeg,290.png
291.jpeg,291.png
292.jpeg,292.png
293.jpeg,293.png
294.jpeg,294.png
295.jpeg,295.png
296.jpeg,296.png
297.jpeg,297.png
298.jpeg,298.png
299.jpeg,299.png
300.jpeg,300.png
301.jpeg,301.png
302.jpeg,302.png
303.jpeg,303.png
304.jpeg,304.png
305.jpeg,305.png
306.jpeg,306.png
307.jpeg,307.png
308.jpeg,308.png
309.jpeg,309.png
310.jpeg,310.png
311.jpeg,311.png
312.jpeg,312.png
313.jpeg,313.png
314.jpeg,314.png
315.jpeg,315.png
316.jpeg,316.png
317.jpeg,317.png
318.jpeg,318.png
319.jpeg,319.png
320.jpeg,320.png
321.jpeg,321.png
322.jpeg,322.png
323.jpeg,323.png
324.jpeg,324.png
325.jpeg,325.png
326.jpeg,326.png
327.jpeg,327.png
328.jpeg,328.png
329.jpeg,329.png
330.jpeg,330.png
331.jpeg,331.png
332.jpeg,332.png
333.jpeg,333.png
334.jpeg,334.png
335.jpeg,335.png
336.jpeg,336.png
337.jpeg,337.png
338.jpeg,338.png
339.jpeg,339.png
340.jpeg,340.png
341.jpeg,341.png
342.jpeg,342.png
343.jpeg,343.png
344.jpeg,344.png
345.jpeg,345.png
346.jpeg,346.png
347.jpeg,347.png
348.jpeg,348.png
349.jpeg,349.png
350.jpeg,350.png
351.jpeg,351.png
352.jpeg,352.png
353.jpeg,353.png
354.jpeg,354.png
355.jpeg,355.png
356.jpeg,356.png
357.jpeg,357.png
358.jpeg,358.png
359.jpeg,359.png
360.jpeg,360.png
361.jpeg,361.png
362.jpeg,362.png
363.jpeg,363.png
364.jpeg,364.png
365.jpeg,365.png
366.jpeg,366.png
367.jpeg,367.png
368.jpeg,368.png
369.jpeg,369.png
370.jpeg,370.png
371.jpeg,371.png
372.jpeg,372.png
373.jpeg,373.png
374.jpeg,374.png
375.jpeg,375.png
376.jpeg,376.png
377.jpeg,377.png
378.jpeg,378.png
379.jpeg,379.png
380.jpeg,380.png
381.jpeg,381.png
382.jpeg,382.png
383.jpeg,383.png
384.jpeg,384.png
385.jpeg,385.png
386.jpeg,386.png
387.jpeg,387.png
388.jpeg,388.png
389.jpeg,389.png
390.jpeg,390.png
391.jpeg,391.png
392.jpeg,392.png
393.jpeg,393.png
394.jpeg,394.png
395.jpeg,395.png
396.jpeg,396.png
397.jpeg,397.png
398.jpeg,398.png
399.jpeg,399.png
400.jpeg,400.png
401.jpeg,401.png
402.jpeg,402.png
403.jpeg,403.png
404.jpeg,404.png
405.jpeg,405.png
406.jpeg,406.png
407.jpeg,407.png
408.jpeg,408.png
409.jpeg,409.png
410.jpeg,410.png
411.jpeg,411.png
412.jpeg,412.png
413.jpeg,413.png
414.jpeg,414.png
415.jpeg,415.png
416.jpeg,416.png
417.jpeg,417.png
418.jpeg,418.png
419.jpeg,419.png
420.jpeg,420.png
421.jpeg,421.png
422.jpeg,422.png
423.jpeg,423.png
424.jpeg,424.png
425.jpeg,425.png
426.jpeg,426.png
427.jpeg,427.png
428.jpeg,428.png
429.jpeg,429.png
430.jpeg,430.png
431.jpeg,431.png
432.jpeg,432.png
433.jpeg,433.png
434.jpeg,434.png
435.jpeg,435.png
436.jpeg,436.png
437.jpeg,437.png
438.jpeg,438.png
439.jpeg,439.png
440.jpeg,440.png
441.jpeg,441.png
442.jpeg,442.png
443.jpeg,443.png
444.jpeg,444.png
445.jpeg,445.png
446.jpeg,446.png
447.jpeg,447.png
448.jpeg,448.png
449.jpeg,449.png
450.jpeg,450.png
451.jpeg,451.png
452.jpeg,452.png
453.jpeg,453.png
454.jpeg,454.png
455.jpeg,455.png
456.jpeg,456.png
457.jpeg,457.png
458.jpeg,458.png
459.jpeg,459.png
460.jpeg,460.png
461.jpeg,461.png
462.jpeg,462.png
463.jpeg,463.png
464.jpeg,464.png
465.jpeg,465.png
466.jpeg,466.png
467.jpeg,467.png
468.jpeg,468.png
469.jpeg,469.png
470.jpeg,470.png
471.jpeg,471.png
472.jpeg,472.png
473.jpeg,473.png
474.jpeg,474.png
475.jpeg,475.png
476.jpeg,476.png
477.jpeg,477.png
478.jpeg,478.png
479.jpeg,479.png
480.jpeg,480.png
481.jpeg,481.png
482.jpeg,482.png
483.jpeg,483.png
484.jpeg,484.png
485.jpeg,485.png
486.jpeg,486.png
487.jpeg,487.png
488.jpeg,488.png
489.jpeg,489.png
490.jpeg,490.png
491.jpeg,491.png
492.jpeg,492.png
493.jpeg,493.png
494.jpeg,494.png
495.jpeg,495.png
496.jpeg,496.png
497.jpeg,497.png
498.jpeg,498.png
499.jpeg,499.png
500.jpeg,500.png
